 ,Class 1,Class 2,Class 3,Class 4,Class 5
Average Score,66.097750193948798,82.578125,58.281249999999993,25.0,58.281249999999993
