 ,Class 1,Class 2,Class 3,Class 4,Class 5
SVM,58.281249999999993,83.28125,100.0,16.640625,58.359375
